{
	"scores": {
		"6": 18.931091,
		"15": 13.086319,
		"20": 13.920378,
		"21": 11.058827,
		"22": 13.235539,
		"24": 17.71297,
		"27": 30.56717,
		"32": 8.547842,
		"35": 14.928146
	},
	"idxs": ["104", "108", "109", "11", "120", "123", "126", "129", "13", "134", "14", "145", "146", "16", "163", "17", "19", "24", "25", "34", "36", "39", "4", "42", "48", "59", "6", "61", "66", "72", "79", "80", "85", "88", "9", "90"]
}