{
	"scores": {
		"0": {
			"0": 13.235539
		},
		"6": {
			"6": 8.547842
		},
		"9": {
			"9": 11.058827
		},
		"10": {
			"10": 30.56717
		},
		"11": {
			"11": 18.931091
		},
		"13": {
			"13": 13.920378
		},
		"14": {
			"14": 17.71297
		},
		"27": {
			"27": 13.086319
		},
		"32": {
			"32": 14.928146
		}
	},
	"idxs": ["4", "9", "14", "42", "16", "59", "85", "34", "72", "39", "61", "126", "129", "36", "48", "163", "88", "24", "79", "13", "6", "146", "145", "66", "123", "80", "134", "17", "104", "108", "25", "109", "90", "120", "11", "19"],
	"time": [0.15699314, 0.081266694, 0.057458073, 0.08190298, 0.080520496, 0.108528145, 0.047162183, 0.05821984, 0.10502035, 0.043606084, 0.05791903, 0.062566, 0.05089098, 0.0411273, 0.034521583, 0.0630737, 0.036966685, 0.03415343, 0.052516643, 0.020426292, 0.05005063, 0.024381887, 0.014337034, 0.022053888, 0.03399016, 0.020304056, 0.023478191, 0.017099926, 0.017087527, 0.033400334, 0.035295714, 0.014580847, 0.030875731, 0.01003035, 0.0173282, 0.05021644]
}