{
	"scores": {
		"0": {
			"0": 12.510421,
			"20": 5.111517
		},
		"6": {
			"6": 8.548369
		},
		"9": {
			"9": 11.059225
		},
		"10": {
			"10": 30.567997
		},
		"11": {
			"11": 18.932333
		},
		"13": {
			"13": 13.920757
		},
		"14": {
			"14": 17.713724
		},
		"27": {
			"27": 13.086811
		},
		"32": {
			"32": 14.928232
		}
	},
	"idxs": ["4", "9", "14", "42", "16", "59", "85", "34", "72", "39", "61", "126", "129", "36", "48", "163", "88", "24", "79", "13", "6", "146", "145", "66", "123", "80", "134", "17", "104", "108", "25", "109", "90", "120", "11", "19"],
	"time": [0.15608598, 0.12798472, 0.050792, 0.107817546, 0.074838094, 0.09137696, 0.019932548, 0.033739086, 0.06281779, 0.03033032, 0.063056, 0.046578087, 0.042626742, 0.037366174, 0.027576216, 0.05543531, 0.041853745, 0.024214717, 0.04483387, 0.022854008, 0.0399651, 0.021478591, 0.012058836, 0.01875284, 0.03113563, 0.018134108, 0.01914798, 0.01717496, 0.016401108, 0.025734976, 0.029688656, 0.01331163, 0.029185817, 0.008758049, 0.014916092, 0.02768098]
}